{
  "members": [
    {
      "name": "Luke",
      "discord": "lukeplg",
      "avatar": "u1595761674_another_male_portrait_with_black_background_simil_c04c1601-4e37-44a1-b8ed-366a27260b7b_2.png"
    },
    {
      "name": "Cera",
      "discord": "ceraeor",
      "avatar": "u1595761674_httpss.mj.runAMbPxub38oI_16_avatarspotraits_of_sp_63c72153-249d-4750-8056-67b79eb35680_1.png"
    },
    {
      "name": "Danny",
      "discord": "dannynhe",
      "avatar": "u1595761674_httpss.mj.runMULrajUh_ys_another_male_portrait_wi_1ec37cf7-6804-48f8-9bdf-2b5c9493a95c_1.png"
    },
    {
      "name": "Cadaver",
      "discord": "cadaver_die",
      "avatar": "u1595761674_httpss.mj.runMULrajUh_ys_another_male_portrait_wi_517141c0-e79c-4568-b5f4-a9a60f53db0e_1.png"
    },
    {
      "name": "Eettah",
      "discord": "shadowcompany93",
      "avatar": "u1595761674_httpss.mj.runAMbPxub38oI_16_avatarspotraits_of_sp_02237e7e-de7e-431a-95a8-5ef617e8d575_1.png"
    },
    {
      "name": "Abus",
      "discord": "abus_e",
      "avatar": "u1595761674_httpss.mj.runpGBJdNkEN6k_set_of_8_avatarspotraits_62d7eea4-9aeb-452a-b98d-15e250ac2f37_2.png"
    }
  ]
}
